Острые кишечные инфекции у детей. Карманный справочник,А. В. Горелов,Нехудожественная литература,Мягкая обложка,В издательстве
Неонатология. Национальное руководство. Краткое издание,Н. Н. Володин,Нехудожественная литература,Мягкая обложка,В издательстве
Опухоли шейки матки,"М. Г. Венедиктова,  Ю. Э. Доброхотова,  К. В. Морозова",Нехудожественная литература,Мягкая обложка,В издательстве
Болезнь Гиршпрунга у детей. Руководство для врачей,"",Нехудожественная литература,Твердый переплет,В издательстве
Сопроводительная терапия в онкологии. Практическое руководство,"С. Ю. Мооркрафт,  Д. Л. Ю. Ли,  Д. Каннингэм",Нехудожественная литература,Мягкая обложка,В издательстве
Гиалуроновая кислота в инъекционной косметологии,В. Н. Хабаров,Нехудожественная литература,Твердый переплет,В издательстве
Микрокосм. Е. coli и новая наука о жизни,Карл Циммер,Нехудожественная литература,Мягкая обложка,В издательстве
"Автоматизация и дифференциация звуков в рассказах. Выпуск 1. Звуки [с], [с'], [з], [з1], [Ц]",Н. В. Нищева,Нехудожественная литература,Мягкая обложка,В издательстве
"Автоматизация и дифференциация звуков в рассказах. Выпуск 2. Звуки [ш], [ж], [с], [с’], [ц], [ч], [т’]",Н. В. Нищева,Нехудожественная литература,Мягкая обложка,В издательстве
Век комсомола. Победы и трагедии легендарной организации,И. Н. Шумейко,Нехудожественная литература,Твердый переплет,В издательстве
Информационно-правовая политика в современной России. Словарь-справочник,"",Нехудожественная литература,Мягкая обложка,В издательстве
"Грибы в вопросах и ответах. Все, что вы хотели спросить о грибах",М. В. Вишневский,Нехудожественная литература,Мягкая обложка,В издательстве
Наро-Фоминский прорыв. Неизвестные страницы битвы за Москву,В. М. Мельников,Нехудожественная литература,Твердый переплет,В издательстве
Латышские стрелки в борьбе за советскую власть,"",Нехудожественная литература,Твердый переплет,В издательстве
Распри Древней Руси,А. Шишов,Нехудожественная литература,Твердый переплет,В издательстве
Полководческое искусство Наполеона,Н. А. Левицкий,Нехудожественная литература,Твердый переплет,В издательстве
Управление климатом. Призрак глобального потепления,Р. К. Баландин,Нехудожественная литература,Твердый переплет,В издательстве
Вильнюс. Город в Европе,Томас Венцлова,Нехудожественная литература,Мягкая обложка,В издательстве
Готланд Эрманариха: остроготы в Восточной Европе на рубеже Древности и Средневековья,Ирина Зиньковская,Нехудожественная литература,Твердый переплет,В издательстве
Испанский средневековый город,С. Д. Червонов,Нехудожественная литература,Твердый переплет,В издательстве
Книга самурая. Будосёсинсю. Хагакурэ. Письма мастера дзэн фехтования. Книга пяти колец,"Юдзан Дайдодзи, Ямамото Цунэтомо, Миямото Мусаси, Такуан Сохо",Нехудожественная литература,Твердый переплет,В издательстве
"Меч, сокрытый в глубине вод. Военная традиция средневекового Вьетнама",Владимир Ветюков,Нехудожественная литература,Твердый переплет,В издательстве
"Плавание на ""Веге""",А. Э. Норденшельд,Нехудожественная литература,Твердый переплет,В издательстве
Зачем Сталин создал Израиль,Л. Млечин,Нехудожественная литература,Твердый переплет,В издательстве
Один день без Сталина,Л. Млечин,Нехудожественная литература,Твердый переплет,В издательстве
Смерть Сталина,Л. Млечин,Нехудожественная литература,Твердый переплет,В издательстве
Хождение по буквам,Павел Крусанов,Нехудожественная литература,Мягкая обложка,В издательстве
"Батый. Хан, который не был ханом",Роман Почекаев,Нехудожественная литература,Твердый переплет,В издательстве
Воины Ахурамазды. Военное дело Сасанидского Ирана и история Римско-Персидских войн,В. А. Дмитриев,Нехудожественная литература,Твердый переплет,В издательстве
Евразия.Война с демонами и обряды экзорцизма в Древнем Китае,Ян Якоб Мария де Гроот,Нехудожественная литература,Твердый переплет,В издательстве
Последние Каролинги,Фердинанд Лот,Нехудожественная литература,Твердый переплет,В издательстве
Саладин. Благородный герой ислама,Альбер Шамдор,Нехудожественная литература,Суперобложка,В издательстве
Стоит ли резать историю на куски?,Ле Гофф Жак,Нехудожественная литература,Твердый переплет,В издательстве
Французский королевский двор в ХVI веке,В. В. Шишкин,Нехудожественная литература,Твердый переплет,В издательстве
Цивилизация Древнего Рима. Психология и ментальность,Андрей Громов,Нехудожественная литература,Твердый переплет,В издательстве
"Будущее человечества. Колонизация Марса, путешествия к звездам и обретение бессмертия",Митио Каку,Нехудожественная литература,Твердый переплет,В издательстве
Тамплиеры. Рождение и гибель великого ордена,Дэн Джонс,Нехудожественная литература,Твердый переплет,В издательстве
Почему мы существуем? Величайшая из когда-либо рассказанных историй,Лоуренс Краусс,Нехудожественная литература,Твердый переплет,В издательстве
Эпоха застоя. Как это было?,"Армен Гаспарян,  Дмитрий  Куликов,  Гия Саралидзе",Нехудожественная литература,Мягкая обложка,В издательстве
Оттепель. Как это было?,"Армен Гаспарян,  Дмитрий  Куликов,  Гия Саралидзе",Нехудожественная литература,Мягкая обложка,В издательстве
Перестройка. Как это было?,"Армен Гаспарян,  Дмитрий  Куликов,  Гия Саралидзе",Нехудожественная литература,Мягкая обложка,В издательстве
Русский солдат в окопах Первой мировой,Максим Оськин,Нехудожественная литература,Твердый переплет,В издательстве
Ситуационисты и новые формы действия в политике и искусстве. Статьи и декларации 1952-1985,Ги Дебор,Нехудожественная литература,Мягкая обложка,В издательстве
"Автоматизация и дифференциация звуков в рассказах. Звуки [л], [л’], [р], [р’], [j]. 5-7 лет. Выпуск 3",Нищева Наталия Валентиновна,Нехудожественная литература,Мягкая обложка,В издательстве
"ААвтоматизация и дифференциация звуков в рассказах. Звуки [л], [л’], [р], [р’], [j]. 5-7 лет. Выпуск 4",Нищева Наталия Валентиновна,Нехудожественная литература,Мягкая обложка,В издательстве
"Автоматизация и дифференциация звуков в рассказах. Звуки [л], [л’], [р], [р’], [j]. 5-7 лет. Выпуск 5",Нищева Наталия Валентиновна,Нехудожественная литература,Мягкая обложка,В издательстве
Материалы для оформления родительского уголка в групповой раздевалке. Ранний возраст (с 2 до 3 лет). Выпуск 1 (сентябрь - февраль).,Н. В. Нищева,Нехудожественная литература,Мягкая обложка,В издательстве
Логопедическая ритмика в системе коррекционно-развивающей работы с детьми 4—5 лет с ТНР,Татьяна Киселева,Нехудожественная литература,Твердый переплет,В издательстве
Новый год и Рождество в русской живописи. Культурные практики для детей 5-7 лет,В. И. Савченко,Нехудожественная литература,Мягкая обложка,В издательстве
Старинные люди у холодного океана,Владимир Зензинов,Нехудожественная литература,Мягкая обложка,В издательстве
Страсти по Гоголю. О духовном наследии писателя,Игорь Виноградов,Нехудожественная литература,Твердый переплет,В издательстве
Российский флот при Екатерине II. 1772-1783 гг,А. Кротков,Нехудожественная литература,Твердый переплет,В издательстве
Связь времен,Ф. Ф. Нестеров,Нехудожественная литература,Твердый переплет,В издательстве
"Пираты, корсары, рейдеры",Игорь Можейко,Нехудожественная литература,Твердый переплет,В издательстве
Происхождение языка,Светлана Бурлак,Нехудожественная литература,Твердый переплет,В издательстве
Идеалы и паллиативы в русской традиции и культуре,О. В. Кириченко,Нехудожественная литература,Твердый переплет,В издательстве
Амбулаторная урология,"П. В. Глыбочко,  Д. Ю. Пушкарь,  А. В. Зайцев,  Л. М. Рапопорт",Нехудожественная литература,Твердый переплет,В издательстве
Как начинался язык. История величайшего изобретения,Дэниел Эверетт,Нехудожественная литература,Твердый переплет,В издательстве
Биология добра и зла. Как наука объясняет наши поступки,Роберт Сапольски,Нехудожественная литература,Твердый переплет,В издательстве
Детство и общество,Эрик Эриксон,Нехудожественная литература,Твердый переплет,В издательстве
История Китая в двадцатом веке,Вадим Глушаков,Нехудожественная литература,Твердый переплет,В издательстве
Краткая история Юго-Восточной Азии,Александр Ландау,Нехудожественная литература,,В издательстве
ДНК. История генетической революции,"Джеймс Д. Уотсон,  Эндрю Берри,  Кевин Дэвис",Нехудожественная литература,Твердый переплет,В издательстве
Историки железного века,Александр Гордон,Нехудожественная литература,Твердый переплет,В издательстве
На заре человечества. Неизвестная история наших предков,Николас Уэйд,Нехудожественная литература,Мягкая обложка,В издательстве
Агентура НКВД-МГБ против ОУН-УПА,В. Д. Игнатов,Нехудожественная литература,Твердый переплет,В издательстве
"Русь, славяне и их соседи в древности",Павел Тулаев,Нехудожественная литература,Твердый переплет,В издательстве
"""Английская Нормандия"" первой половины XV в.:путь во Францию",В. А. Бароне,Нехудожественная литература,,В издательстве
"""Мечом и глаголом"". Героическая традиция в русской литературе XII-XVII вв.",М. В. Мелихов,Нехудожественная литература,,В издательстве
"Культурная идентичность, историческое сознание и книжное наследие средневековой Болгарии",Д. И. Полывянный,Нехудожественная литература,,В издательстве
Интербеллум 1918-1939,"Александр Чаусов,  Алексей Громский",Нехудожественная литература,Твердый переплет,В издательстве
От Ивана Грозного до Павла I. Русские цари глазами психиатра,П. Ковалевский,Нехудожественная литература,Твердый переплет,В издательстве
Ленинградский каталог,Д.Гранин,Нехудожественная литература,,В издательстве
Украинская война. Вооруженная борьба за Восточную Европу в XVI-XVII вв. Книга 3. Встречное наступление,В. Широгоров,Нехудожественная литература,,В издательстве
Скифия-Россия. Узловые события и сквозные проблемы. В 2-х томах,Д. А. Мачинский,Нехудожественная литература,Твердый переплет,В издательстве
Свобода воли. Иллюзия или возможность,Дмитрий Волков,Нехудожественная литература,Твердый переплет,В издательстве
Фабрика планет. Экзопланеты и поиски второй Земли,Элизабет Таскер,Нехудожественная литература,,В издательстве
Тыняновский сборник. Выпуск 14,"",Нехудожественная литература,Мягкая обложка,В издательстве
Военное дело римлян накануне великого переселения народов,А. В. Банников,Нехудожественная литература,Твердый переплет,В издательстве
Киты и дельфины,О. Филатова,Нехудожественная литература,Твердый переплет,В издательстве
Интенциональность и жизнь,Г. В. Вдовина,Нехудожественная литература,Твердый переплет,
Князь и дружина Древней Руси. Исследование форм общественно-политических отношений раннего русского Средневековья,Л. В. Мининкова,Нехудожественная литература,Твердый переплет,В издательстве
Крах кайзеровской Германии. От Брестского мира к Ноябрьской революции,Г. Г. Попов,Нехудожественная литература,Твердый переплет,В издательстве
Русский рубеж. Размышления историка в эпоху перемен,Н. А. Нарочницкая,Нехудожественная литература,,В издательстве
История большевизма в России. От возникновения до захвата власти,А. И. Спиридович,Нехудожественная литература,,В издательстве
Язык мира,"",Нехудожественная литература,Твердый переплет,В издательстве
Что значит быть собакой. И другие открытия в области нейробиологии животных,Грегори Бернс,Нехудожественная литература,Твердый переплет,В издательстве
"Saudi Inc. История о том, как Саудовская Аравия стала одним из самых влиятельных государств на геополитической карте мира",Эллен Р. Уолд,Нехудожественная литература,Твердый переплет,В издательстве
"Акты, относящиеся к истории Западной России. Выпуск 1. Шестая книга записей Литовской метрики. Сборник документов канцелярии великого князя Литовского","",Нехудожественная литература,Твердый переплет,В издательстве
Культуродинамика. Путь к звездам. Путь к самопознанию,А. А. Куликов,Нехудожественная литература,Твердый переплет,В издательстве
"Революции светские, религиозные, научные. Динамика гуманитарного дискурса","",Нехудожественная литература,Твердый переплет,В издательстве
Аудитория искусства в социальных измерениях,А. А. Ушкарев,Нехудожественная литература,Твердый переплет,В издательстве
Британские церкви во второй половине XIX-первой четверти XXI века,Г. С. Остапенко,Нехудожественная литература,Твердый переплет,В издательстве
Теология. Встреча Востока и Запада,"",Нехудожественная литература,Твердый переплет,В издательстве
История евреев. Обретение слов. 1000 год до н.э. - 1492 год н.э.,Саймон Шама,Нехудожественная литература,Твердый переплет,В издательстве
О поэтах и поэзии,Александр Кушнер,Нехудожественная литература,Твердый переплет,В издательстве
Советская военная разведка накануне войны 1935 - 1938 гг.,"М. А. Алексеев,  А. И. Колпакиди,  В. Я. Кочик",Нехудожественная литература,Твердый переплет,В издательстве
Танковая война на Восточном фронте,А. Б. Широкорад,Нехудожественная литература,Твердый переплет,В издательстве
Рим. Путь к империи. От латенов до Христа,А. В. Гребенюк,Нехудожественная литература,Твердый переплет,В издательстве
Тайны советской репатриации,Ю. Н. Арзамаскин,Нехудожественная литература,Твердый переплет,В издательстве
"Византия. Империя чиновников, солдат и ученых. Словарь-справочник",А. Слядзь,Нехудожественная литература,Твердый переплет,
История ремесла во Франции 13-18 веков. Стать мастером,Е. Кириллова,Нехудожественная литература,Твердый переплет,
Загадки и тайны холодной войны,Леонид Млечин,Нехудожественная литература,Твердый переплет,
Иностранные специалисты в России в эпоху Петра Великого,"",Нехудожественная литература,Твердый переплет,
"""Титаник"". Рождение и гибель",А. Н. Широков,Нехудожественная литература,Твердый переплет,
Львы и розы ислама. Историческое путешествие от Мекки до Багдада,Владимир Соколов,Нехудожественная литература,Твердый переплет,
"Патриарх Никон. Власть, вера, образ",Н. В. Воробьева,Нехудожественная литература,Твердый переплет,
Гвардии Камчатка,Николай Манвелов,Нехудожественная литература,Твердый переплет,В издательстве
"Образ мира. Тексты, голос, память. К 80-летию со дня рождения Н. Л. Лейдермана (1939-2010)",Наум Лазаревич  Лейдерман,Нехудожественная литература,Суперобложка,В издательстве
Фронт и тыл великой войны,Юрий Бахурин,Нехудожественная литература,Твердый переплет,В издательстве
Технология власти,Авторханов А.,Нехудожественная литература,Твердый переплет,В издательстве
Традиции благотворительности Императорского Дома Романовых,"Александр Соколов,  Игорь Зимин,  Алексей Хитров",Нехудожественная литература,Твердый переплет,В издательстве
Трагическая гибель членов династии Романовых летом 1918 года под Алапаевском,В. М. Хрусталев,Нехудожественная литература,Твердый переплет,В издательстве
"Текучее зло. Жизнь в мире, где нет альтернатив","Бауман З.,  Доскинс Л.",Нехудожественная литература,Мягкая обложка,В издательстве
Моральная слепота. Утрата чувстительности в эпоху текучей современности,"Бауман З.,  Донскис Л.",Нехудожественная литература,Мягкая обложка,В издательстве
Звездный скиталец,Кузилин А.,Нехудожественная литература,Мягкая обложка,В издательстве
Русские евреи в Америке. Книга 19,Зальцберг Э.,Нехудожественная литература,Мягкая обложка,В издательстве
"Почему им можно, а нам нельзя? Откуда берутся социальные нормы",Мишель Гельфанд,Нехудожественная литература,Твердый переплет,В издательстве
Шестидневная война. Июнь 1967,Черчилль Р. и У.,Нехудожественная литература,Твердый переплет,В издательстве
Маленькая книга о черных дырах,"Стивен Габсер,  Франс Преториус",Нехудожественная литература,Твердый переплет,В издательстве
Крещение Хлодвига,Тессье Ж.,Нехудожественная литература,Твердый переплет,В издательстве
Столетняя война,Перруа Э.,Нехудожественная литература,Твердый переплет,В издательстве
Древние тюрки и енисейские кыргызы в войнах в Центральной Азии,Худяков Ю.,Нехудожественная литература,Твердый переплет,В издательстве
Война и язык,Владимир Маяковский,Нехудожественная литература,Мягкая обложка,В издательстве
Профессия-смерть,Шнеер А.,Нехудожественная литература,Твердый переплет,В издательстве
Викинги. История и цивилизация,Буайе Р.,Нехудожественная литература,Твердый переплет,В издательстве
Неврология. Национальное руководство. Том 1,"Абабков Валентин Анатольевич,  Гусев Евгений Иванович,  Белоусова Ольга Бенуановна",Нехудожественная литература,Твердый переплет,В издательстве
"Карские операции 1920-1930-х годов. Сборник документов из архива компании ""Совфрахт""","Емелина М.,  Савинов М.,  Филин П.",Нехудожественная литература,Твердый переплет,В издательстве
История крестовых походов,Эрс Ж.,Нехудожественная литература,Твердый переплет,В издательстве
Динамическая психиатрия в ракурсах времени,Г. Аммон,Нехудожественная литература,Твердый переплет,В издательстве
Европа от Карла Великого до Крестовых походов. Общество. Культура. Религия,"Лависс Э.,  Рамбо А.",Нехудожественная литература,Твердый переплет,В издательстве
"Боги, гробницы, ученые",Керам К.В.,Нехудожественная литература,Твердый переплет,В издательстве
Невероятная медицина. В прошлом и настоящем,Бернацкий А.С.,Нехудожественная литература,Твердый переплет,В издательстве
"Держи его за руку. Истории о жизни, смерти и праве на ошибку в экстренной медицине",Филип Аллен Грин,Нехудожественная литература,Твердый переплет,В издательстве
Птицы Сибири. В 2 томах (комплект),В. К. Рябицев,Нехудожественная литература,Твердый переплет,В издательстве
Логопедическая ритмика в системе коррекционно-развивающей работы с детьми 3-4 лет с ТНР,Татьяна Киселева,Нехудожественная литература,Твердый переплет,В издательстве
Будни революции. 1917 год,Андрей Светенко,Нехудожественная литература,Твердый переплет,В издательстве
"Современные классики теории справедливой войны. М. Уолцер, Н. Фоушин, Б. Оренд, Дж. Макмахан",А. Д. Куманьков,Нехудожественная литература,Твердый переплет,В издательстве
Последний акт трагедии. Петроград. Расстрел Великих Князей,В. Хрусталёв,Нехудожественная литература,Твердый переплет,В издательстве
"BULGARICA, SLAVICA ET ROSSICA","",Нехудожественная литература,Твердый переплет,В издательстве
Убили бы вы толстяка? Задача о вагонетке. что такое хорошо и что такое плохо?,Дэвид Эдмондс,Нехудожественная литература,Мягкая обложка,В издательстве
Господин Великий Новгород - расцвет и трагедия,Широкорад А.Б.,Нехудожественная литература,Твердый переплет,В издательстве
Монгольское нашествие на Русь и Европу,Шестаков А.А.,Нехудожественная литература,Твердый переплет,В издательстве
История российско-черногорских отношений в датах,Станич Е.П.,Нехудожественная литература,Твердый переплет,В издательстве
СССР и Второй фронт,Попов Г.Г.,Нехудожественная литература,Твердый переплет,В издательстве
Курск 1943: Величайшая битва Второй мировой войны,Тёппель Р.,Нехудожественная литература,Твердый переплет,В издательстве
"ГРУ. Поединок с ""черными полковниками""",Болтунов М.Е.,Нехудожественная литература,Твердый переплет,В издательстве
100 великих тайн Вселенной,Бернацкий А.С.,Нехудожественная литература,Твердый переплет,В издательстве
Невероятные растения. От бактерий до орхидей,Бернацкий А.С.,Нехудожественная литература,Твердый переплет,В издательстве
Исаак Ньютон и русская наука. Книжная мозаика трех столетий.,Ваганов А.Г.,Нехудожественная литература,Твердый переплет,В издательстве
Конфликт в Сирии. Оружие и методы современной войны,Зигуненко С.Н.,Нехудожественная литература,Твердый переплет,В издательстве
Прорыв к невозможной связи. Статьи о русской поэзии,Илья Кукулин,Нехудожественная литература,Твердый переплет,В издательстве
Первая субмарина Китая. История подводной лодки С-52,"Швец,  Шигин",Нехудожественная литература,Твердый переплет,В издательстве
Советско-монгольские экономические связи 1955-1985. Сборник документов,"",Нехудожественная литература,,В издательстве
Вторая Пуническая война,Елисеев М.Б.,Нехудожественная литература,,В издательстве
История открытия и освоения Арктики,Д. Беляев,Нехудожественная литература,Твердый переплет,В издательстве
О приоритетах социальной политики,А. Г. Аганбегян,Нехудожественная литература,,
Город Бонивур. Последняя великая стройка СССР,Александр Леонкин,Нехудожественная литература,,
Психология образования,В. Зинченко,Нехудожественная литература,,В издательстве
Тайная дипломатия Кремля,Леонид Млечин,Нехудожественная литература,,В издательстве
О птицах,Черепанов Т.,Нехудожественная литература,,В издательстве
Рассказы о двукрылых с обзором основных семейств отряда,Н. Е. Вихрев,Нехудожественная литература,,В издательстве
Падение царства Александра Македонского. Легион против фаланги,Елисеев М.Б.,Нехудожественная литература,,В издательстве
Первая Пуническая война,Елисеев М.Б.,Нехудожественная литература,,В издательстве
Тобольское великое сидение. Скорбный путь Царской Семьи на Голгофу,В. М. Хрусталёв,Нехудожественная литература,Твердый переплет,
Опухоли яичников.Руководство,"Доброхотова Юлия Эдуардовна,  Венедиктова Марина Георгиевна,  Морозова Ксения Владимировна",Нехудожественная литература,Мягкая обложка,
Илиада-эпос и история,Клейн Л.,Нехудожественная литература,,В издательстве
Быть легионером,Банников А.,Нехудожественная литература,Твердый переплет,В издательстве
Рюрик Скьельдунг,Губарев О.,Нехудожественная литература,Твердый переплет,В издательстве
Средневековая Франция V-XVI века,Шишкин В.,Нехудожественная литература,Твердый переплет,В издательстве
Военный флот Сасанидов,Дмитриев В.,Нехудожественная литература,,
Психиатрическая пропедевтика. Практическое руководство,Менделевич В.,Нехудожественная литература,,
"""Китайский синдром"" Путина. Прорыв или утопия?",Катасонов Валентин Юрьевич,Нехудожественная литература,,
ДНК-генеалогия славян. Происхождение и история,Анатолий Клёсов,Нехудожественная литература,,В издательстве
Тайные связи в природе,Петер Воллебен,Нехудожественная литература,Интегральная обложка (полумягкая),
"Гонка за Нобелем. История о космологии, амбициях и высшей научной награде",Брайан Китинг,Нехудожественная литература,Твердый переплет,В издательстве
Аграрные реформы в России. Дорога из рабства,Кэрол Леонард,Нехудожественная литература,Суперобложка,В издательстве
Несбалансированные. Созависимость Америки и Китая,Стивен Роуч,Нехудожественная литература,Суперобложка,В издательстве
Культурная эволюция. Как теория Дарвина может пролить свет на человеческую культуру и объединить социальные науки,Алекс Месуди,Нехудожественная литература,Суперобложка,В издательстве
Перспективы отбора,"Марков А.В.,  Наймарк",Нехудожественная литература,Твердый переплет,Есть в наличии
Двойная спираль,Уотсон Джеймс,Нехудожественная литература,Мягкая обложка,Есть в наличии
"А что, если?..",Манро Р.,Нехудожественная литература,Твердый переплет,Есть в наличии
Арабы. История. XVI-XXI вв.,Юджин Роган,Нехудожественная литература,Твердый переплет,Есть в наличии
Дорога Ветров,Ефремов Иван,Нехудожественная литература,Мягкая обложка,В издательстве
Велосипед: Иллюстрированная история,Хэдленд Тони; Лессинг Ханс Эрхард; Сатунин Андрей,Нехудожественная литература,Твердый переплет,В издательстве
Истина и душа. Философско-психологическое учение П. Е. Астафьева в связи с его национально-государственными воззрениями,Н. П. Ильин,Нехудожественная литература,Твердый переплет,В издательстве
Партитура Второй мировой. Гроза на Востоке,Н. А. Нарочницкая,Нехудожественная литература,Твердый переплет,В издательстве
Партитура Второй мировой. Кто и когда начал войну?,Н. А. Нарочницкая,Нехудожественная литература,Твердый переплет,В издательстве
Мир между войнами,Н. А. Нарочницкая,Нехудожественная литература,Твердый переплет,В издательстве
Прорыв к Луне и Марсу,Александр Волков,Нехудожественная литература,Твердый переплет,В издательстве
"""Игры престолов"" средневековой Руси и Западной Европы",Дмитрий Боровков,Нехудожественная литература,Твердый переплет,В издательстве
Интервенция,Г. Г. Попов,Нехудожественная литература,Твердый переплет,В издательстве
"Государство. Прошлое, настоящее и будущее",Боб Джессоп,Нехудожественная литература,Суперобложка,В издательстве
Закат Европы: Очерки морфологии мировой истории.Т.1 Образ и действительность,Шпенглер О.,Нехудожественная литература,,Есть в наличии
Homo Futurus. Облачный Мир. Эволюция сознания и технологий,Арти Закарайя,Нехудожественная литература,Твердый переплет,Есть в наличии
"Толстой, Беккет, Флобер и другие. 23 очерка о мировой литературе",Кутзее Дж.М.,Нехудожественная литература,Твердый переплет,Есть в наличии
"Выдающиеся растения, которые изменили нашу жизнь","Байнум Х.,  Байнум У.",Нехудожественная литература,Твердый переплет,
Всешутейший собор. Смеховая культура царской России,Лев Бердников,Нехудожественная литература,Твердый переплет,Есть в наличии
"Достаточно ли мы умны, чтобы судить об уме животных?",Франс де Вааль,Нехудожественная литература,,
Переломный момент. Как незначительные изменения приводят к глобальным переменам,Малкольм Гладуэлл,Нехудожественная литература,,
Глобализация и основные тенденции развития национальных и наднациональных государственно-правовых систем в XXI веке,Марченко М.Н.,Нехудожественная литература,Твердый переплет,В издательстве
Творческая эволюция. Бергсон,Бергсон Анри,Нехудожественная литература,Мягкая обложка,В издательстве
Евреи Грузии. Социально-правовой статус и экономическое положение с XVIII в. до установления советской власти в Грузии в 1921 г.,Нугзар Тер-Оганов,Нехудожественная литература,Твердый переплет,В издательстве
"В тисках голода. Блокада Ленинграда в документах германских спецслужб, НКВД и письмах ленинградцев",Н. А. Ломагин,Нехудожественная литература,,В издательстве
"Был ли Бог математиком? Галопом по божественной Вселенной с калькулятором, штангенциркулем и таблицами Брадиса",Ливио М.,Нехудожественная литература,Твердый переплет,В издательстве
Эпоха культа личности. От Сталина к Хрущеву. 1946-1964,В. В. Пирогов,Нехудожественная литература,Твердый переплет,В издательстве
Жизнь лошадей в непридуманных историях и картинках,"Нина Французова, Андрей Летаров, Н. Спасская",Нехудожественная литература,Твердый переплет,В издательстве
"""Ленин""- первый атомный ледокол",Никита Кузнецов,Нехудожественная литература,Мягкая обложка,В издательстве
Ведьмы и ведовство,Сперанский Н.В.,Нехудожественная литература,Твердый переплет,
Авиация и органы ОГПУ - НКВД - НКГБ СССР. 1925 - 1945,Степанов А.С.,Нехудожественная литература,Твердый переплет,
Ледяной поход генерала Корнилова,А. Ю. Петухов,Нехудожественная литература,Твердый переплет,В издательстве
Вяземский котел без лжи и мифов. Трагедия 33-й армии,В. М. Мельников,Нехудожественная литература,Твердый переплет,В издательстве
Великое княжество Литовское от рассвета до заката,Дворниченко А.,Нехудожественная литература,Твердый переплет,
Атлас мира,"",Нехудожественная литература,Твердый переплет,
Декарт. Собрание сочинений,Рене Декарт,Нехудожественная литература,,Есть в наличии
Преступники. Мир убийц времен Холокоста,Леви Гюнтер,Нехудожественная литература,,В издательстве
Искусство войны,Сунь-цзы,Нехудожественная литература,Твердый переплет,В издательстве
Кухня НКВД,Н. С. Черушев,Нехудожественная литература,Твердый переплет,В издательстве
Казачество в Семилетней войне,А. В. Венков,Нехудожественная литература,Твердый переплет,В издательстве
Расстрелянная коллегия Феликса Дзержинского,"А. М. Плеханов,  А. А. Плеханов",Нехудожественная литература,Твердый переплет,В издательстве
Партизаны и армия. Вместе к победе,С. В. Ушкалов,Нехудожественная литература,Твердый переплет,В издательстве
"Тайны великих царств. Понт, Боспор, Каппадокия",С. Н. Чернявский,Нехудожественная литература,Твердый переплет,В издательстве
Вселенная на ладони,Колин Стюарт,Нехудожественная литература,Твердый переплет,
Слова потерянные и найденные,Первушина Е.В.,Нехудожественная литература,Твердый переплет,В издательстве
Анестезиология в акушерстве,"Санджей Датта,  Бхавани Шанкар Кодали,  Скотт Сегал",Нехудожественная литература,Мягкая обложка,В издательстве
Патогенез и лечение первичной открытоугольной глаукомы,"Е. А. Егоров,  В. Н. Алексеев",Нехудожественная литература,Мягкая обложка,В издательстве
Акне и малассезиозы у детей и подростков,"О. Б. Тамразова,  И. М. Османов",Нехудожественная литература,Мягкая обложка,В издательстве
Никколо Макиавелли. О военном искусстве (эксклюзивное подарочное издание),Никколо Макиавелли,Нехудожественная литература,Твердый переплет,В издательстве
Демография и здравоохранение России на рубеже веков,А. Г. Аганбегян,Нехудожественная литература,Твердый переплет,В издательстве
Инфузионно-трансфузионная терапия. Руководство,"А. А. Рагимов,  Г. Н. Щербакова",Нехудожественная литература,Мягкая обложка,В издательстве
Ортопедическая стоматология. Национальное руководство,Александр Ряховский,Нехудожественная литература,Твердый переплет,В издательстве
Пульмонология. Стандарты медицинской помощи. Критерии оценки качества. Фармакологический справочник,"",Нехудожественная литература,Мягкая обложка,В издательстве
Время динозавров. Новая история древних ящеров,Бруссати Стив,Нехудожественная литература,Твердый переплет,В издательстве
Путешествие писателя. Мифологические структуры в литературе и кино,Кристофер Воглер,Нехудожественная литература,Мягкая обложка,В издательстве
Закат Европы. Очерки морфологии мировой истории. Том 2. Всемирно-исторические перспективы,Шпенглер О.,Нехудожественная литература,,Есть в наличии
Микродисбиоз и эндогенные инфекции. Руководство для врачей,"Л. Н. Мазанкова,  О. В. Рыбальченко,  И. В. Николаева",Нехудожественная литература,Мягкая обложка,В издательстве
Головная боль. Руководство для врачей,Г. Р. Табеева,Нехудожественная литература,Мягкая обложка,В издательстве
Психология женщины,Карен Хорни,Нехудожественная литература,Твердый переплет,В издательстве
"Флорентийское общество во второй половине XIII-XIV в. Гранды и пополаны, ""добрые"" купцы и рыцари",И. А. Краснова,Нехудожественная литература,Твердый переплет,В издательстве
"Автоматизация в картинках. Звуки [с], [ц], [ш], [ч]. Практический тренажер. Выпуск 1","Т. С. Перегудова,  Е. В. Балакирева",Нехудожественная литература,Мягкая обложка,В издательстве
Витамин D - смена парадигмы,"О. А. Громова,  И. Ю. Торшин",Нехудожественная литература,,В издательстве
Минеральные и костные нарушения при хронической болезни почек,В. М. Ермоленко,Нехудожественная литература,,В издательстве
Клиническое обследование в педиатрии,"Росса Бруха,  Матко Марлаис,  Эд Абрахамсон",Нехудожественная литература,Мягкая обложка,
Общие и частные вопросы медицинской профилактики,К. Р. Амлаев,Нехудожественная литература,Твердый переплет,В издательстве
Хронические нейроинфекции. Руководство,"",Нехудожественная литература,Мягкая обложка,В издательстве
Нефрология. Национальное руководство. Краткое издание,"Н. А. Мухин,  С. О. Андросова,  А. М. Андрусев",Нехудожественная литература,Мягкая обложка,В издательстве
"Варяг Кореец в наградах,жетонах и знаках",В. И. Катаев,Нехудожественная литература,Твердый переплет,В издательстве
Что нам есть с точки зрения химии,"Бахыт Кенжеев,  Петр Образцов",Нехудожественная литература,Твердый переплет,В издательстве
Психопатии и акцентуации характера у подростков,А. Е. Личко,Нехудожественная литература,Твердый переплет,
Гравитация. Последнее искушение Эйнштейна,Маркус Чаун,Нехудожественная литература,Твердый переплет,
"Складки на ткани пространства-времени. Эйнштейн, гравитационные волны и будущее астрономии",Говерт Шиллинг,Нехудожественная литература,Твердый переплет,
Федеративные идеи в политической теории русского народничества,Фэй Хайтин,Нехудожественная литература,Твердый переплет,В издательстве
Русские евреи в Америке. Книга 18,"Э. Зальцберг,  М. Уральский,  С. Е. Резник,  Л. И. Бердников",Нехудожественная литература,Мягкая обложка,В издательстве
Коммунизм - представление о будущем обществе,Алексей Кашпур,Нехудожественная литература,Мягкая обложка,В издательстве
ХIII класса Сулакадзев. Источниковедческое историческое исследование,Андрей Рыбалка,Нехудожественная литература,Мягкая обложка,В издательстве
Анатомия золота,"",Нехудожественная литература,Мягкая обложка,В издательстве
Заповедники Дальнего Востока. Современный путеводитель,А. Агафонов,Нехудожественная литература,Мягкая обложка,В издательстве
"СССР. Мифы, фейки, парадоксы",Алекс Громов,Нехудожественная литература,Мягкая обложка,В издательстве
Акушерство. Национальное руководство. Краткое издание,"",Нехудожественная литература,Мягкая обложка,В издательстве
Кардиология,"Г. П. Арутюнов,  Р. С. Акчурин,  Б. Г. Алекян",Нехудожественная литература,Твердый переплет,В издательстве
Скорая и неотложная медицинская помощь детям. Краткое руководство для врачей.,Валентина Шайтор,Нехудожественная литература,Мягкая обложка,В издательстве
"Современная контрацепция. Новые возможности, критерии безопасности, основы консультирования.","Наталия Подзолкова, Вера Коренная, Юлия Колода, Светлана Роговская",Нехудожественная литература,Мягкая обложка,В издательстве
"Досократики. Часть третья. Пифагорейцы, Анаксагор и др.",Маковельский А.О,Нехудожественная литература,Твердый переплет,В издательстве
Избранные сочинения. Том IV. Политика Интернационала,Бакунин М.А.,Нехудожественная литература,Твердый переплет,В издательстве
Избранные сочинения. Том V. Альянс и Интернационал. Интернационал и Мадзини,Бакунин М.А.,Нехудожественная литература,Твердый переплет,В издательстве
Книга о флагах,Карл Алярд,Нехудожественная литература,Твердый переплет,В издательстве
Очерк истории философии с древнейших времен философии до настоящего времени,Н. Н. Страхов,Нехудожественная литература,Твердый переплет,В издательстве
Язык на ногах. Очерки о насекомых,С. Ижевский,Нехудожественная литература,Твердый переплет,В издательстве
Психология предметного действия,В. П. Зинченко,Нехудожественная литература,Твердый переплет,В издательстве
История о страшном злодеянии евреев в земле Бранденбург. Немецкие антисемитские сказки и легенды,Валерий Байкель,Нехудожественная литература,Мягкая обложка,В издательстве
Кисловодск - город солнца,"Сергей Савенко, Сергей Богачев",Нехудожественная литература,Твердый переплет,В издательстве
У врат Царьграда. Русско-турецкая война на море в 1828-1829 гг.,В. В. Шигин,Нехудожественная литература,Твердый переплет,В издательстве
Сокровища Сибири. Очерки и статьи,Анатолий Байбородин,Нехудожественная литература,Твердый переплет,В издательстве
"Крымский вал, 9/45. Неизвестный памятник Парка Горького","М. В. Евстратова,  С. В. Колуза",Нехудожественная литература,Мягкая обложка,В издательстве
Великая отечественная война. Сборник военно-исторических карт 1941-1945 (комплект из 3 книг),"",Нехудожественная литература,,В издательстве
Энциклопедия Великой отечественной войны 1941-1945,"А. Баранов, А. Белков, Б. Божедомов",Нехудожественная литература,,В издательстве
Краткие истории обычных вещей,Э. Уорнер,Нехудожественная литература,Твердый переплет,В издательстве
Некто Гитлер. Политика преступления,Себастьян Хафнер,Нехудожественная литература,Мягкая обложка,В издательстве
"Автоматизация в картинках. Звуки [л], [л'], [р], [р']. Практический тренажер. Выпуск 2","Татьяна Сергеевна Перегудова , Елена Владимировна Балакирева",Нехудожественная литература,Мягкая обложка,В издательстве
Консультации учителя-логопеда родителям дошкольников,Татьяна Малютина,Нехудожественная литература,Твердый переплет,В издательстве
Становление речи как средства общения. Рабочая тетрадь для детей 4–5 лет. Выпуск 3,Наталья Ершова,Нехудожественная литература,Мягкая обложка,В издательстве
Введение в философию Аристотеля. 8 лекций для проекта Магистерия,Сергей Мельников,Нехудожественная литература,Твердый переплет,В издательстве
Тайный код русских праздников,А. Л. Мясников,Нехудожественная литература,Твердый переплет,В издательстве
Россия на Средиземном море,А. Б. Широкорад,Нехудожественная литература,Твердый переплет,В издательстве
Морские разбойники Екатерины Великой,А. Б. Широкорад,Нехудожественная литература,Твердый переплет,В издательстве
Пародонтальное обезболивание. Современные технологии,С. А. Рабинович,Нехудожественная литература,Мягкая обложка,В издательстве
Наследственные нейрометаболические болезни юношеского и взрослого возраста,"Г. Е. Руденская,  Е. Ю. Захарова",Нехудожественная литература,Мягкая обложка,В издательстве
"Остеопороз, гиперпаратиреоз и дефицит витамина D",А. В. Древаль,Нехудожественная литература,Мягкая обложка,В издательстве
Кардиология. Стандарты медицинской помощи. Критерии оценки качества. Фармакологический справочник,"",Нехудожественная литература,Мягкая обложка,В издательстве
Коронарное стентирование и стенты,"",Нехудожественная литература,Мягкая обложка,В издательстве
Системная организация физиологических функций у здоровых людей и больных эпилепсией и прогнозирование эффективности деятельности,"Р. А. Зорин,  М. М. Лапкин,  В. А,  Жаднов",Нехудожественная литература,Мягкая обложка,В издательстве
Клинические рекомендации. Травматология и ортопедия детского и подросткового возраста,"",Нехудожественная литература,Мягкая обложка,В издательстве
Книга Откровения. Энгельс без Маркса,Фридрих Энгельс,Нехудожественная литература,Суперобложка,В издательстве
Исчезнувшая библиотека,Л. Канфора,Нехудожественная литература,Твердый переплет,В издательстве
Платон,Люк Бриссон,Нехудожественная литература,,В издательстве
Жизненный выбор. О многообразии человеческого достоинства,П. Бири,Нехудожественная литература,Мягкая обложка,В издательстве
Дроздовская дивизия в генеральном сражении на путях к Москве осенью 1919 года,П. М. Трофимов,Нехудожественная литература,Твердый переплет,В издательстве
"Небеса на земле. Научный взгляд на загробную жизнь, бессмертие и утопии",Майкл Шермер,Нехудожественная литература,Твердый переплет,В издательстве
Вся физика в 50 экспериментах. Кот Шрёдингера,Адам Харт-Дэвис,Нехудожественная литература,Мягкая обложка,В издательстве
Две великие победы русского флота. Наварин и Синоп,Евгений Богданович,Нехудожественная литература,Твердый переплет,В издательстве
Средневековая Италия. От Каролингов до Штауфенов,Дмитрий Боровков,Нехудожественная литература,Твердый переплет,В издательстве
История афинской демократии,В. П. Бузескул,Нехудожественная литература,Твердый переплет,В издательстве
Борьба органов госбезопасности СССР с терроризмом,О. Б. Мозохин,Нехудожественная литература,Твердый переплет,В издательстве
Сражение за Варшавское шоссе. Битва за Москву,С. Е. Михеенков,Нехудожественная литература,,В издательстве
Путешествие в бесконечность. Индийские этнографические этюды,Рыжакова С.И.,Нехудожественная литература,,В издательстве
Тайна двух Индий. От цивилизаций Индостана до Южной Америки,А. В. Гребенюк,Нехудожественная литература,,В издательстве
Сталинская коллективизация. Борьба за хлеб,Д. Н. Верхотуров,Нехудожественная литература,,В издательстве
Правители Франции XIX века,П. Черкасов,Нехудожественная литература,Твердый переплет,В издательстве
Контрразведка. Тайная война,Н. Лузан,Нехудожественная литература,Твердый переплет,В издательстве
Первичная открытоугольная глаукома. Нейродегенрация и нейропротекция,"Е. А. Егоров,  В. Н. Алексеев,  И. Р. Газизова",Нехудожественная литература,Мягкая обложка,В издательстве
Применение остеопластических материалов в хирургии полости рта,"Э. А. Базикян,  А. А. Чунихин",Нехудожественная литература,Мягкая обложка,В издательстве
Литература и боги,Р. Калассо,Нехудожественная литература,Твердый переплет,В издательстве
Жизнь животных. В 3 томах,А. Э. Брем,Нехудожественная литература,,В издательстве
Дородовая профилактика генетической патологии плода,"Л. В. Акуленко,  Ю. О. Козлова,  И. Б. Манухин",Нехудожественная литература,,В издательстве
Клиническая дерматология. Иллюстрированное руководство для врачей,"Анатолий Родионов, Денис Заславский, Акмал Сыдиков",Нехудожественная литература,Твердый переплет,В издательстве
Магнитно-резонансная томография в диагностике и дифференциальной диагностике рассеянного склероза. Руководство для врачей,"М. В. Кротенкова,  В. В. Брюхов,  С. Н. Морозова,  И. А. Кротенкова",Нехудожественная литература,Мягкая обложка,В издательстве
Неврология. Национальное руководство. В 2-х томах. Том 2,"Е. И. Гусев,  А. Н. Коновалов,  В. И. Скворцова",Нехудожественная литература,Твердый переплет,В издательстве
Оценка профессиональной готовности специалистов в системе здравоохранения,"Т. В. Семенова,  В. И. Звонников,  А. А. Свистунов",Нехудожественная литература,,
Плацентарная недостаточность. Современный взгляд,"Ю.Э. Доброхотова,  Л.С. Джохадзе,  П.А. Кузнецов,  П.В. Козлов",Нехудожественная литература,Мягкая обложка,
Современные проблемы законодательного регулирования медицинской деятельности в Российской Федерации,"А. В. Риффель,  А. П. Рачин",Нехудожественная литература,Мягкая обложка,
Византийско-русское пограничье в ХI - начале XII века,А. Н. Слядзь,Нехудожественная литература,,
Новороссия. Формирование национальных идентичностей (XVIII – XX век),А. В. Марчуков,Нехудожественная литература,,В издательстве
Второй Всесоюзный съезд советских писателей. Идеология исторического перехода и трансформация советской литературы. 1954 год,"",Нехудожественная литература,,В издательстве
"Русская Ганза. Жизнь Немецкого подворья в Новгороде, 1346-1521 годы. Письма и материалы",М. Б. Бессуднова,Нехудожественная литература,,
"""Записки о Московии"" Сигизмунда Герберштейна в зеркале русской исторической мысли. 1817-2017",Ю. Фридштейн,Нехудожественная литература,Мягкая обложка,
Коммунальная квартира…,А. Г. Митрофанов,Нехудожественная литература,,
Повседневная жизнь советской коммуналки,Алексей Митрофанов,Нехудожественная литература,,
Рождение Русского флота. Азовский период. 1695 - 1711 гг.,С. И. Елагин,Нехудожественная литература,,
Звероящеры и другие пермские монстры,Богданов Д. В.,Нехудожественная литература,,
истемы безопасности СПГ-танкеров. Монография,А. И. Епихин,Нехудожественная литература,,
Дело.ОКВ.Теория игр.Очень краткое введение,К. Бинмор,Нехудожественная литература,Мягкая обложка,
"Матросы, анархисты, поэты...",В. Шигин,Нехудожественная литература,,
"Проблематика войны в гуманитарных науках. Сборник трудов второй всероссийской конференции ""Проблематика войны в гуманитарных науках: история и перспективы исследования""","",Нехудожественная литература,,
Система современной социальной мифологии,А. Г. Иванов,Нехудожественная литература,,
Провидение и катастрофа в европейском романе: Мандзони и Достоевский,С. М. Капилупи,Нехудожественная литература,,
Гунны в отношениях с Ближним Востоком и Римским Западом,Р. Л. Манасерян,Нехудожественная литература,,
Кафедра источниковедения исторического факультета Московского университета. Выпуск 142. Серия II,"",Нехудожественная литература,Твердый переплет,В издательстве
Янычары в Османской империи,Петросян И.,Нехудожественная литература,,
"100 великих ""изобретений"" природы",Анатолий Бернацкий,Нехудожественная литература,,
Городская цивилизация Англии от Тюдоров до Стюартов,Владимир Евсеев,Нехудожественная литература,,
Великие города в истории,"",Нехудожественная литература,Мягкая обложка,
Многоканальная астрономия,Анатолий Черепащук,Нехудожественная литература,,
Избранное. Философия жизни,Михаил Тареев,Нехудожественная литература,,
Евклидово окно,Млодинов Л.,Нехудожественная литература,Мягкая обложка,Есть в наличии
12 правил жизни. Противоядие от хаоса,Джордан Питерсон,Нехудожественная литература,,
Захватчики. Люди и собаки против неандертальцев,Пэт Шипман,Нехудожественная литература,Твердый переплет,В издательстве
"Стихотворение Владислава Ходасевича ""Обезьяна"". Комментарий",Всеволод Зельченко,Нехудожественная литература,Мягкая обложка,
"Выбор князя Иоанна. К истории вопроса, принял ли сан священника князь крови императорской",Галина Шевцова,Нехудожественная литература,Мягкая обложка,
Личная благотворительность членов императорской семьи (ХVIII - начало ХХ вв.),И. В. Зимин,Нехудожественная литература,Твердый переплет,
Екатеринбургская Голгофа,Хрусталёв В.М.,Нехудожественная литература,Твердый переплет,
"На память будущему. Альманах, 2019",Елена Тончу,Нехудожественная литература,Мягкая обложка,
Профилактика тромбоэмболических осложнений после родов,"Шмаков Роман Георгиевич,  Каримова Галия Насибуллаевна,  Полушкина Евгения Сергеевна",Нехудожественная литература,Мягкая обложка,
Рак и беременность,"Марина Венедиктова, Екатерина Боровкова, Юлия Доброхотова",Нехудожественная литература,Мягкая обложка,
Средневековый Восток,Леонид Васильев,Нехудожественная литература,Твердый переплет,
Топор Негоро. Скитания европейских реакционных интеллектуалов в XX веке,Хлебников М.,Нехудожественная литература,Мягкая обложка,
Карнавал молекул. Химия необычная и забавная,Михаил Левицкий,Нехудожественная литература,Твердый переплет,
Красота форм в природе. Э. Геккель,"",Нехудожественная литература,Твердый переплет,
"О легендах, мифах и апокрифах славян",Веселовский А.,Нехудожественная литература,Твердый переплет,
Прочтение Набокова. Изыскания и материалы,Андрей Бабиков,Нехудожественная литература,Твердый переплет,
Экология - это интересно,В. Г. Бабенко,Нехудожественная литература,Твердый переплет,
Программируя Вселенную. Квантовый компьютер и будущее науки,Сет Ллойд,Нехудожественная литература,Мягкая обложка,
"Княжеские, графские и баронские роды Российской империи. Словарь-справочник",Сергей Васильевич,Нехудожественная литература,Твердый переплет,
"Мир русской женщины. Семья, профессия, домашний уклад ХVIII - начало ХХ века","Варвара Пономарева,  Любовь Хорошилова",Нехудожественная литература,Твердый переплет,
Роман о Граале. Магия и тайна мифа о короле Артуре,Дж. Кэмпбелл,Нехудожественная литература,Твердый переплет,
Острые и неотложные состояния при занятиях спортом. Алгоритм действий врача,"В. Скрибицкий, Борис Поляев, Галина Макарова",Нехудожественная литература,Мягкая обложка,
Анатомия политической интриги,Разуваев В.,Нехудожественная литература,Твердый переплет,
Аритмии сердца. Тахиаритмии и брадиаритмии,"Маммаев С. Н.,  Заглиев С.Г.,  Заглиева С.С.",Нехудожественная литература,Твердый переплет,
Ожирение. Современный взгляд на патогенез и терапию . Учебное пособие,Аметов А.С. и др.,Нехудожественная литература,Твердый переплет,
Офтальмология. Иллюстрированное руководство,"Кайзер П.К.,  Фридмэн Н.Дж.,  Пинеда Р.; Пер.с англ.; Под ред. Х.П. Тахчиди",Нехудожественная литература,Твердый переплет,
Пневмонии у детей,Самсыгина Г.А.,Нехудожественная литература,Мягкая обложка,
Сложный пациент трихолога. Руководство по эффективному лечению алопеций и сопутствующих заболеваний,"Трюб Р.М.; Пер. с англ.; Под ред. Н.Г. Баруновой,  В.П. Ткачева",Нехудожественная литература,Мягкая обложка,
УЗИ в отделении интенсивной терапии,"Киллу К.,  Далчевски С.,  Коба В.; Пер. с англ.; Под ред. Р.Е. Лахина",Нехудожественная литература,Мягкая обложка,
Самиздат в СССР. Тексты и судьбы,Русина Ю.,Нехудожественная литература,Твердый переплет,
Бородинская битва. Сражение на Москве-реке:российский и французский взгляды спустя 200 лет.,"",Нехудожественная литература,Твердый переплет,
Социальная и религиозная история евреев. Том VIII. Раннее Средневековье (500-1200): философия и наука,Барон С.,Нехудожественная литература,Твердый переплет,
Переезд советского правительства в Москву. К 100-летию возвращ. столицы в Первопрестольную,"",Нехудожественная литература,Твердый переплет,
Космическая мифология. От марсианских атлантов до лунного заговора,Антон Первушин,Нехудожественная литература,Твердый переплет,
Спарта. Миф и реальность,Л. Г. Печатнова,Нехудожественная литература,Твердый переплет,В издательстве
Советская военная разведка 1917-1934 гг.,"Михаил Алексеев, Валерий Кочик, Александр Колпакиди",Нехудожественная литература,Твердый переплет,
Морская война,Ф. Х. Коломб,Нехудожественная литература,Твердый переплет,
Погребальные обычаи языческих славян,А. А. Котляревский,Нехудожественная литература,Твердый переплет,
Марковцы в боях и походах. 1918-1919 гг.,В. Е. Павлов,Нехудожественная литература,Твердый переплет,
Люди заката. Легко ли быть старым,Светлана Шишкова-Шипунова,Нехудожественная литература,Твердый переплет,В издательстве
100 великих тайн дипломатии,М. Ю. Сорвина,Нехудожественная литература,Твердый переплет,В издательстве
Краткий курс русского варяга,Андрей Богданов,Нехудожественная литература,Твердый переплет,В издательстве
Москва против Твери. Великое противостояние XIV века,Михаил Елисеев,Нехудожественная литература,Твердый переплет,
Голая обезьяна,Десмонд Моррис,Нехудожественная литература,Мягкая обложка,
Лекции по зарубежной литературе,Владимир Набоков,Нехудожественная литература,Мягкая обложка,В издательстве
Философия Вселенной,К. Э. Циолковский,Нехудожественная литература,Мягкая обложка,В издательстве
Духовный мир животных,Петер Воллебен,Нехудожественная литература,Твердый переплет,В издательстве
Русофобия,Игорь Шафаревич,Нехудожественная литература,,
"Лекции о ""Дон Кихоте""",Владимир Набоков,Нехудожественная литература,Твердый переплет,В издательстве
Японо-китайская война 1894-1895 гг. Неуслышанная война,Михаил Кутузов,Нехудожественная литература,Твердый переплет,В издательстве
Осень Средневековья,Йохан Хёйзинга,Нехудожественная литература,Мягкая обложка,В издательстве
Этногенез и биосфера Земли,Лев Гумилев,Нехудожественная литература,,
Печальные тропики,Клод Леви-Стросс,Нехудожественная литература,Твердый переплет,В издательстве
История России с древнейших времен,С. М. Соловьев,Нехудожественная литература,Твердый переплет,В издательстве
Сознание и цивилизация,Мераб Мамардашвили,Нехудожественная литература,Твердый переплет,
Математика в комиксах,"Зияуддин Сардар,  Джерри Рейвиц,  Борин ван Лун",Нехудожественная литература,Мягкая обложка,
Беседы о мышлении,Мераб Мамардашвили,Нехудожественная литература,Твердый переплет,В издательстве
От Сталинграда до Днепра,Мансур Абдулин,Нехудожественная литература,,
Эсминцы Второй мировой,Александр Дашьян,Нехудожественная литература,Твердый переплет,
Вторая мировая война. Иллюстрированная энциклопедия,Андрей Мерников,Нехудожественная литература,,Есть в наличии
Псевдонаука и паранормальные явления. Критический взгляд,Джонатан Смит,Нехудожественная литература,,
"Российский военно-морской флот. Рождение, становление, расцвет",А. С. Поспелов,Нехудожественная литература,Твердый переплет,
Я ничего не знаю,"Сократ,  А. Марков",Нехудожественная литература,Твердый переплет,
Почему Маркс был прав,Терри Иглтон,Нехудожественная литература,Мягкая обложка,В издательстве
Электронное книгоиздание в России. Проблема доступа и государственное регулирование,Владимир Харитонов,Нехудожественная литература,Мягкая обложка,В издательстве
Намедни. Наша эра. 1981-1990,Парфенов Л.Г.,Нехудожественная литература,Твердый переплет,Есть в наличии
Размышления императора,Марк Аврелий,Нехудожественная литература,,
Ортодонтия взрослых,Бирте Мелсен,Нехудожественная литература,Твердый переплет,
Русский канон,Сухих Игорь,Нехудожественная литература,Твердый переплет,
"Происхождение семьи, частной собственности и государства",Энгельс Фридрих,Нехудожественная литература,,
Сознание и цивилизация,Мамардашвили Мераб,Нехудожественная литература,,
Гинекология. Национальное руководство. Краткое издание,"Г. М. Савельевой, Г. Т. Сухих, И. Б. Манухина",Нехудожественная литература,,
Делопроизводство в медицинских организациях,М. А. Татарников,Нехудожественная литература,,
Мастопатии,"",Нехудожественная литература,,
"Птицеводство для начинающих. Куры, индейки, перепела",Эдуард Бондарев,Нехудожественная литература,,
О чем шумит лес?,Петер Воллебен,Нехудожественная литература,Твердый переплет,Есть в наличии
О чем шумит лес?,Петер Воллебен,Нехудожественная литература,,
Homo ludens. Человек играющий,Йохан Хёйзинга,Нехудожественная литература,,
Безопиоидная аналгезия в хирургии. От теории к практике,"А. Овечкин, А. Яворовский",Нехудожественная литература,,
Спасая жизни. Дневник военного хирурга,Склифосовский Николай Васильевич,Нехудожественная литература,Твердый переплет,
"Метафизика нравов. «Ты должен, значит, ты можешь»",Кант Иммануил,Нехудожественная литература,Твердый переплет,
История России. Век XX,Кожинов Вадим Валерианович,Нехудожественная литература,Твердый переплет,
История русской армии в иллюстрациях. Обмундирование и вооружение,Александр Висковатов,Нехудожественная литература,Твердый переплет,
Судьба и характер,Вальтер Беньямин,Нехудожественная литература,,
Чудо под Москвой,Алексей Исаев,Нехудожественная литература,Твердый переплет,
Этногенез и биосфера Земли,Лев Гумилев,Нехудожественная литература,,
"Химия для тех, кто все забыл",Шляхов Андрей Левонович,Нехудожественная литература,Твердый переплет,Есть в наличии
Детская диетология,Кильдиярова Р.Р.,Нехудожественная литература,,
Хирургия дегенеративных поражений позвоночника,"А. Гуща, Н. Коновалова",Нехудожественная литература,Твердый переплет,
Капитал,Маркс К.,Нехудожественная литература,,Есть в наличии
Большая еда Шелкового пути,Джен Лин-Лью,Нехудожественная литература,,
"Приключения в антропоцене. Путешествие к сердцу планеты, которую мы создали",Гайя Винс,Нехудожественная литература,Твердый переплет,Есть в наличии
Первый бронепоезд. От двинска до Кушки,П. Ермолаев,Нехудожественная литература,,В издательстве
Семиотика и метафорика художественных форм,А. Асоян,Нехудожественная литература,Твердый переплет,В издательстве
И равен был неравный спор. Вторжение Наполеона в Россию и гибель Великой армии,Протоиерей Александр Ильяшенко,Нехудожественная литература,Твердый переплет,В издательстве
Всё из ничего. Как возникла Вселенная,Лоуренс Краусс,Нехудожественная литература,Твердый переплет,В издательстве
Беседы о мышлении,Мераб Мамардашвили,Нехудожественная литература,,
Величайшие математические задачи,Иэн Стюарт,Нехудожественная литература,,В издательстве
Птица за птицей. Заметки о писательстве и жизни в целом,Энн Ламотт,Нехудожественная литература,,
Философские исследования,Людвиг Витгенштейн,Нехудожественная литература,,Есть в наличии
Астрономия на пальцах: в иллюстрациях,Никонов   Александр Петрович,Нехудожественная литература,Твердый переплет,Есть в наличии
Риторика. Поэтика,Аристотель,Нехудожественная литература,Твердый переплет,Есть в наличии
Политика. Риторика,Аристотель,Нехудожественная литература,Мягкая обложка,
"Всемирная история для тех, кто все забыл",Сергей Нечаев,Нехудожественная литература,Твердый переплет,Есть в наличии
Дофамин: самый нужный гормон. Как молекула управляет человеком,Либерман Дениэл,Нехудожественная литература,Твердый переплет,Есть в наличии
Скептик. Рациональный взгляд на мир,Майкл Шермер,Нехудожественная литература,Мягкая обложка,В издательстве
Космос Эйнштейна. Как открытия Альберта Эйнштейна изменили наши представления о пространстве и времени,Митио Каку,Нехудожественная литература,Мягкая обложка,В издательстве
Взламывая математику,Колин Беверидж,Нехудожественная литература,Интегральная обложка (полумягкая),Есть в наличии
История государства Российского,Н. М. Карамзин,Нехудожественная литература,Твердый переплет,Есть в наличии
Лагуна,Арман Мари Леруа,Нехудожественная литература,Твердый переплет,Есть в наличии
"Луна. История, люди, техника",Павел Шубин,Нехудожественная литература,Твердый переплет,Есть в наличии
"Легендарные советские задачи по математике, физике и астрономии. Проверь свою эрудицию и умение отойти от стереотипов","И. Е. Гусев,  А. Н. Ядловский",Нехудожественная литература,Твердый переплет,В издательстве
Изобретено в СССР: История изобретательской мысли с 1917 по 1991 год,Тим Скоренко,Нехудожественная литература,Твердый переплет,В издательстве
Европейская классическая философия,Александр Марков,Нехудожественная литература,Твердый переплет,В издательстве
Идеальная ставка,Кучарски А,Нехудожественная литература,,Есть в наличии
"""Удивительное и невероятное"" (комплект из 5 книг)",Бернацкий А.,Нехудожественная литература,Мягкая обложка,Есть в наличии
"Эсминцы типа ""Новик"". Лучшие эсминцы Первой мировой",А. Чернышев,Нехудожественная литература,Твердый переплет,В издательстве
10% HUMAN. Как микробы управляют людьми,Коллен Аланна,Нехудожественная литература,,Есть в наличии
Сомневайся во всем,Декарт Рене,Нехудожественная литература,Твердый переплет,Есть в наличии
МРТ. Суставы нижней конечности,"Г. Е. Труфанов,  В. С Декан,  В. А. Фокин",Нехудожественная литература,Твердый переплет,В издательстве
Инсульт. Пошаговая инструкция,"М. А. Пирадов,  М. Ю. Максимова,  М. М. Танашян",Нехудожественная литература,Мягкая обложка,В издательстве
Ультразвуковая диагностика в акушерстве и гинекологии,"Карен Л. Рейтер, Мак-Гаан Дж.П.",Нехудожественная литература,Твердый переплет,В издательстве
Гинекологическая эндокринология. Клинические лекции,"И. Б. Манухин,  Л. Г. Тумилович,  М. А. Геворкян",Нехудожественная литература,,
Руководство по антимикробной терапии в педиатрии,Рита Кильдиярова,Нехудожественная литература,,
Офтальмология. Клинические рекомендации,В. В. Нероева,Нехудожественная литература,,
Болезни миокарда и перикарда. От синдромов к диагнозу и лечению,"Евгения Коган, Елена Заклязьминская, Александр Недоступ, Ольга Благова",Нехудожественная литература,,
МРТ. Органы живота. Руководство для врачей,"Под ред. Г.Е. Труфанова,  В.А. Фокина",Нехудожественная литература,,
Сумма теологии,Константин Бандуровский,Нехудожественная литература,Твердый переплет,Есть в наличии
Этика и общая медицина,Гиппократ,Нехудожественная литература,Мягкая обложка,В издательстве
Град Китеж. Русская пневматология,Дмитрий Муза,Нехудожественная литература,Мягкая обложка,В издательстве
Теория относительности в комиксах,"Брюс Бассетт,  Ральф Эдни",Нехудожественная литература,Мягкая обложка,В издательстве
Асы и пропаганда. Дутые победы Люфтваффе,Юрий Мухин,Нехудожественная литература,,В издательстве
"Две Москвы, или Метафизика столицы",Рахматуллин Рустам,Нехудожественная литература,Твердый переплет,В издательстве
"Под Андреевским и Красным флагом:Русский флот в Первой мировой войне, Февральской и Октябрьской революциях.1914—1918 гг.","Кирилл Назаренко,  Дмитрий Goblin Пучков",Нехудожественная литература,Твердый переплет,В издательстве
Гомеровские штудии (Компл. в 2-х томах),Клейн Л.,Нехудожественная литература,Твердый переплет,В издательстве
Конструирование истории. Кто мы?,"Бобкова М., Айзенштат М., Мереминский С. и др",Нехудожественная литература,Твердый переплет,В издательстве
Состояние переходности и смыслы истории,"Бобкова М., Айзенштат М., Мереминский С. и др",Нехудожественная литература,,В издательстве
Записки упрямого человека. Быль,Охлобыстин И.И.,Нехудожественная литература,Твердый переплет,В издательстве
"Откровения мужчины. О том, что может не понравиться женщинам","",Нехудожественная литература,,
Нунчи. Корейское искусство предугадывать поступки людей и мягко управлять любой ситуацией,Хонг Ю.,Нехудожественная литература,Твердый переплет,Есть в наличии
"Дело в маске. Бизнес-квест: собрать 2,3 миллиона подписчиков за 1 год",Чер Д.,Нехудожественная литература,Мягкая обложка,Есть в наличии
21 урок для XXI века (new),Харари Ю. Н.,Нехудожественная литература,Твердый переплет,Есть в наличии
"Мир по Тому Хэнксу: Жизненное кредо, благие намерения и добрые дела самого клевого парня Америки",Эдвардс Г.,Нехудожественная литература,Твердый переплет,Есть в наличии
"Долг СССР в рублях, чеках, дубленках. Тайные войны империи","",Нехудожественная литература,Твердый переплет,
Reports of cases in law and equity in the Supreme court of the state of New York. Volume 34,"",Нехудожественная литература,Твердый переплет,
История Российского Государства. От Ивана III до Бориса Годунова. Между Азией и Европой,Борис Акунин,Нехудожественная литература,Твердый переплет,Есть в наличии
АктуалТема/Империя свободы: ценности и фобии американского общества,Злобин Н.В.,Нехудожественная литература,Твердый переплет,Есть в наличии
Логопедический букварь,Жукова О.С.,Нехудожественная литература,Твердый переплет,Есть в наличии
"На лужайке Эйнштейна. Что такое НИЧТО, и где начинается ВСЕ",Аманда Гефтер,Нехудожественная литература,Твердый переплет,Есть в наличии
Позднее Средневековье,Нил Моррис,Нехудожественная литература,Твердый переплет,
Восстание масс,Ортега-и-Гассет Х.,Нехудожественная литература,Мягкая обложка,Есть в наличии
История западной философии [В 2 т.] Том 1,Рассел Б.,Нехудожественная литература,Мягкая обложка,Есть в наличии
"Колибри. Обмен веществ. Чего ждать от спаржи, или Почему еда бывает к","",Нехудожественная литература,Интегральная обложка (полумягкая),Есть в наличии
Охотники за микробами,Крюи П. де,Нехудожественная литература,Мягкая обложка,Есть в наличии
Теория Всего,Хокинг С.,Нехудожественная литература,Твердый переплет,Есть в наличии
Дипломатия,Киссинджер Генри,Нехудожественная литература,Твердый переплет,Есть в наличии
Природа пространства и времени,"Хокинг С.,  Пенроуз Р",Нехудожественная литература,Твердый переплет,Есть в наличии
Защита от темных искусств,Панчин А.Ю.,Нехудожественная литература,Твердый переплет,Есть в наличии
Психический автоматизм,Клерамбо Г.,Нехудожественная литература,Твердый переплет,Есть в наличии
Намедни. Наша эра. 1971-1980,Парфенов Л.Г.,Нехудожественная литература,Твердый переплет,Есть в наличии
Цивилизация,Осборн Роджер,Нехудожественная литература,Твердый переплет,В издательстве
PRO лицо,Канделаки Тина,Нехудожественная литература,Твердый переплет,Есть в наличии
Вирусы. Драйверы эволюции. Друзья или враги?,Кордингли М.,Нехудожественная литература,Твердый переплет,Есть в наличии
Не чужая смута. Один день - один год,Прилепин Захар,Нехудожественная литература,Твердый переплет,Есть в наличии
Вычислительная машина и мозг,Нейман Д.,Нехудожественная литература,Твердый переплет,
Гладиаторы. История. Вооружение. Организация зрелищ,Носов К.С.,Нехудожественная литература,,В издательстве
Природа человека,Юм Д.,Нехудожественная литература,Твердый переплет,Есть в наличии
Вселенная. Иллюстрированный гид,Абрамова О.В.,Нехудожественная литература,Твердый переплет,Есть в наличии
Мир множества миров. Физики в поисках иных вселенных,Виленкин А.,Нехудожественная литература,Твердый переплет,Есть в наличии
Мысли,Паскаль Б.,Нехудожественная литература,Мягкая обложка,В издательстве
Леонардо да Винчи. О науке и искусстве,Сеайль Г.,Нехудожественная литература,Твердый переплет,В издательстве
Нога как точка опоры,Сакс О.,Нехудожественная литература,,В издательстве
Анархия и нравственность,Кропоткин П.А.,Нехудожественная литература,Мягкая обложка,Есть в наличии
"50 машин и механизмов, изменивших мир",Леоник О.Я.,Нехудожественная литература,,Есть в наличии
История государства Российского,Карамзин Н.М.,Нехудожественная литература,Твердый переплет,В издательстве
Вселенная Стивена Хокинга,Хокинг С.,Нехудожественная литература,Твердый переплет,Есть в наличии
От Большого Взрыва до Великого Молчания,Липунов В.М.,Нехудожественная литература,Твердый переплет,Есть в наличии
"Голое Средневековье. Жизнь, смерть и искусство в Средние века",Хартнелл Д.,Нехудожественная литература,Твердый переплет,В издательстве
"Используй философию! Наука, которая помогает в жизни",Маркус Уикс,Нехудожественная литература,,Есть в наличии
Риторика. Поэтика,Аристотель,Нехудожественная литература,,
Христианство,Льюис К.,Нехудожественная литература,Твердый переплет,Есть в наличии
История воссоединения Руси,Кулиш П.А.,Нехудожественная литература,Твердый переплет,В издательстве
Цивилизация,Осборн Роджер,Нехудожественная литература,,
Этика,Спиноза Б.,Нехудожественная литература,Мягкая обложка,Есть в наличии
Кибернетика и общество,Винер Н.,Нехудожественная литература,,Есть в наличии
Легковые автомобили СССР. Полная история,Томпсон Э.,Нехудожественная литература,Твердый переплет,В издательстве
Краткие ответы на большие вопросы,Хокинг С.,Нехудожественная литература,Твердый переплет,Есть в наличии
Животные и растения моря,Бедуайер К.,Нехудожественная литература,Твердый переплет,В издательстве
Выживает слабейший. Как болезнь работает на эволюцию,Моалем Ш.,Нехудожественная литература,Твердый переплет,Есть в наличии
ДНК - не приговор. Удивительная связь между вами и вашими генами,Стивен Хэйне,Нехудожественная литература,Твердый переплет,Есть в наличии
Против нелюбви,Степанова М.М.,Нехудожественная литература,Твердый переплет,Есть в наличии
Бегство от свободы,Фромм Э.,Нехудожественная литература,Твердый переплет,Есть в наличии
Краткая история всего,Кен Уилбер,Нехудожественная литература,Твердый переплет,В издательстве
"От литеры до литературы. Как письменное слово формирует мир, личности, историю",Пачнер М.,Нехудожественная литература,Твердый переплет,
Русская Америка,"Шелихов Г.И.,  Давыдо",Нехудожественная литература,,Есть в наличии
Панические атаки и ВСД — нервные клетки восстанавливаются,Беленко А.И.,Нехудожественная литература,Мягкая обложка,Есть в наличии
Воля Вселенной,Циолковский К.Э.,Нехудожественная литература,Мягкая обложка,Есть в наличии
"Машина, платформа, толпа. Наше цифровое будущее","Эндрю Макафи,  Эрик Б",Нехудожественная литература,,В издательстве
Космическая философия,К. Э. Циолковский,Нехудожественная литература,Интегральная обложка (полумягкая),В издательстве
Вторая мировая война. Большой иллюстрированный атлас,"Бичанина З.И.,  Креле",Нехудожественная литература,Твердый переплет,Есть в наличии
Эпидемия стерильности. Новый подход к пониманию аллергических и аутоиммунных заболеваний,Мойзес Веласкес-Мано,Нехудожественная литература,,В издательстве
"Новая космическая гонка. Как Илон Маск, Джефф Безос и Ричард Брэнсон соревнуются за первенство в космосе",Фернхольц Т.,Нехудожественная литература,,
КЭД - странная теория света и вещества,Фейнман Р.,Нехудожественная литература,Твердый переплет,Есть в наличии
Укрощение бесконечности. История математики от первых чисел до теории хаоса,Иэн Стюарт,Нехудожественная литература,,Есть в наличии
"Сделано в России. Идеи, технологии, открытия",.,Нехудожественная литература,Твердый переплет,Есть в наличии
Индустриальная революция,Нил Моррис,Нехудожественная литература,Твердый переплет,
"Советская Россия в борьбе за ""Афганский коридор"" (1919-1925). Сборник документов","",Нехудожественная литература,Твердый переплет,В издательстве
Тайна женского отчества,Хигир Б.,Нехудожественная литература,Твердый переплет,
"История свечи. Гореть, чтобы жить",Майкл Фарадей,Нехудожественная литература,Твердый переплет,В издательстве
Кушать подано! Репертуар кушаний и напитков в русской классической драматургии,Вильям Похлебкин,Нехудожественная литература,Твердый переплет,В издательстве
Русские суеверия,Марина Власова,Нехудожественная литература,Твердый переплет,В издательстве
Судный мозг,"С. В. Гончаренко, Н. Н. Латыпов",Нехудожественная литература,,В издательстве
Наедине с собой. Размышления,Марк Аврелий,Нехудожественная литература,,В издательстве
"The Village. Москва, где мы живём","",Нехудожественная литература,Твердый переплет,В издательстве
Карта России. Политическая. Физическая (мал),"",Нехудожественная литература,Мягкая обложка,В издательстве
Интервенция. Как Запад хотел поделить и ограбить Россию,Галин Василий Васильевич,Нехудожественная литература,Твердый переплет,В издательстве
Горнозаводская цивилизация,Иванов Алексей Викторович,Нехудожественная литература,Твердый переплет,В издательстве
Последний довод Сталина. 122-мм гаубицы образца 1910/30 и 1909/37 годов,А. В. Сорокин,Нехудожественная литература,Твердый переплет,В издательстве
Мифы и правда об «Иге». Как Русь расцвела при Золотой Орде,Алексей Шляхторов,Нехудожественная литература,Твердый переплет,В издательстве
Атлас реконструктивной хирургии влагалища,Шломо Раз,Нехудожественная литература,,В издательстве
Неизвестный Мессершмитт. Битвы оружейников. Авиаконструкторы,Леонид Анцелиович,Нехудожественная литература,,
Ужасная медицина. Как всего один хирург викторианской эпохи кардинально изменил медицину и спас множество жизней,Линдси Фицхаррис,Нехудожественная литература,,Есть в наличии
Под щитом красоты,А. Мелихов,Нехудожественная литература,Твердый переплет,В издательстве
Дэвид Юм. Исследование о человеческом разумении,Давид Юм,Нехудожественная литература,Мягкая обложка,В издательстве
Десантно-штурмовая бригада. «Окопная правда» Афганской войны,А. Шейнин,Нехудожественная литература,Твердый переплет,В издательстве
Крым-42. Керченско-Феодосийская операция,А. Неменко,Нехудожественная литература,Твердый переплет,В издательстве
"Стратегический бомбардировщик Боинг В-47 ""Стратоджет"". ""Большая сигара"" в стратосфере",К. А. Кузнецов,Нехудожественная литература,Твердый переплет,В издательстве
"События, изменившие Россию","",Нехудожественная литература,,В издательстве
Танки в битве за Ленинград,В. А. Мосунов,Нехудожественная литература,,В издательстве
Интерстициальные и орфанные заболевания легких,М. М. Илькович,Нехудожественная литература,,
Москва и москвичи. Иллюстрированная история Российской Империи,В. А. Гиляровский,Нехудожественная литература,,В издательстве
European Tree Worker,"Ирене Шлифер, Гросс Вольфганг",Нехудожественная литература,Твердый переплет,В издательстве
Эволюция физики,Альберт Эйнштейн,Нехудожественная литература,Твердый переплет,В издательстве
